Job Title,Link
Python Developer (Blender),https://www.ejobs.ro/user/locuri-de-munca/python-developer-blender/1739925
Python Developer,https://www.ejobs.ro/user/locuri-de-munca/python-developer/1739284
Python Developer,https://www.bestjobs.eu/ro/loc-de-munca/python-developer-178
Python Developer,https://www.bestjobs.eu/ro/loc-de-munca/python-developer-177
Python Developer (Automotive Software),https://www.bestjobs.eu/ro/loc-de-munca/python-developer-automotive-software
Senior AWS Python Developer,https://www.bestjobs.eu/ro/loc-de-munca/senior-aws-python-developer
Senior AWS Python Developer,https://www.bestjobs.eu/ro/loc-de-munca/senior-aws-python-developer
Senior AWS Python Developer,https://www.bestjobs.eu/ro/loc-de-munca/senior-aws-python-developer
Senior Python Developer,https://www.bestjobs.eu/ro/loc-de-munca/senior-python-developer-34
